{
"params": {
	"removelogo":"1",
	"custom_copyright":"",
	"theme":"presets/theme.[example]-sea-wolf",
	"font_awesome_type":"all",
	"framework_enable":"0",
	"framework_version":"bootstrap2",
	"use_font_loader":"",
	"bodyfont":"-1",
	"bodyfont_custom":"Open Sans:300:latin",
	"headingfont":"-1",
	"headingfont_custom":"Open Sans:300:latin",
	"navfont":"-1",
	"navfont_custom":"Open Sans:300:latin",
	"logofont":"-1",
	"logofont_custom":"Open Sans:300:latin",
	"hidefrontpage":"1",
	"force_equal":"1",
	"layout_preset":"all_positions",
	"enable_responsive":"1",
	"allow_pinch":"0",
	"navcollapse_type":"default",
	"tablet-max-width":"700px",
	"phone-max-width":"620px",
	"gridcollapse":"787px",
	"navcollapse":"787px",
	"dropdown_animation":"fading",
	"menu_align":"left",
	"accordion":"0",
	"accordionType":"accordion",
	"accordionOpenFirst":"0",
	"accordionShowActive":"0",
	"offcanvas_position":"left",
	"offcanvas_width":"thin",
	"offcanvas_min_width":"desktop",
	"offcanvas_trigger":"{zen-bars}{/zen-bars}",
	"onepage":"0",
	"homelink":"",
	"bannerlink":"",
	"grid1link":"",
	"grid2link":"",
	"grid3link":"",
	"mainlink":"",
	"grid4link":"",
	"grid5link":"",
	"grid6link":"",
	"bottomlink":"",
	"enable_animations":"1",
	"top_animation":"none",
	"header_animation":"none",
	"banner_animation":"none",
	"grid1_animation":"none",
	"grid2_animation":"none",
	"grid3_animation":"none",
	"main_animation":"none",
	"grid4_animation":"none",
	"grid5_animation":"none",
	"grid6_animation":"none",
	"bottom_animation":"none",
	"footer_animation":"none",
	"lazyload":"0",
	"llselector":"",
	"llnotselector":"",
	"backtotop":"0",
	"stickynav":"1",
	"twitter":"0",
	"twitter_share":"0",
	"twitter_username":"joomlabamboo",
	"facebook":"0",
	"facebook_url":"http://www.facebook.com/joomlabamboo",
	"facebook_share":"0",
	"gplus":"0",
	"gplus_share":"0",
	"gplus_url":"http://www.google.com",
	"pinterest":"0",
	"pinterest_share":"0",
	"pinterest_url":"http://www.pinterest.com",
	"pinterest_default_image":"",
	"devmode":"0",
	"watch_mode":"0",
	"compresscss":"0",
	"gzip_css":"0",
	"add_to_compiler":"",
	"compressjs":"1",
	"gzip_js":"0",
	"disable_captionjs":"0",
	"add_to_compressor":"",
	"replace_jQuery":"0",
	"jquery_location":"//ajax.googleapis.com/ajax/libs/jquery/1.11.1/jquery.min.js",
	"enable_cdn":"0",
	"cdn_url":"",
	"after_head_scripts":"",
	"before_head_scripts":"",
	"after_body_scripts":"",
	"before_body_scripts":"",
	"mobile_detect":"0",
	"remove_generator":"0",
	"custom_generator":"",
	"advanced_setting":"1",
	"hide_info":"0",
	"active_tab":"menus",
	"compile_required":"",
	"load_template_css":"0",
	"print_settings":"0"
	},
	"layout": {	
		"top": {
			"positions": {
				"top4":"12"
			},
			"classes": {
				"classes":""
			}
		},
		"logo": {
			"positions": {
				"logo":"6",
				"search":"6"
			},
			"classes": {
				"classes":"stack-phones "
			}
		},
		"menu": {
			"positions": {
				"menu":"12"
			},
			"classes": {
				"classes":""
			}
		},
		"banner": {
			"positions": {
				"banner":"12"
			},
			"classes": {
				"classes":""
			}
		},
		"main": {
			"positions": {
				"maincontent":"6",
				"sidebar1":"3",
				"sidebar2":"3"
			},
			"classes": {
				"classes":""
			}
		},
		"bottom": {
			"positions": {
				"bottom1":"2",
				"bottom2":"2",
				"bottom3":"4",
				"bottom4":"2",
				"bottom5":"2"
			},
			"classes": {
				"classes":""
			}
		},
		"footer": {
			"positions": {
				"footer": "9",
				"copyright": "3"
			},
			"classes": {
				"classes":""
			}
		}
	}
}