{
    "params": {
        "theme": "sea-wolf",
        "top_row_style": "primary-row",
        "banner_row_style": "primary3-row",
        "grid1_row_style": "",
        "grid2_row_style": "",
        "grid3_row_style": "",
        "grid4_row_style": "",
        "grid5_row_style": "",
        "grid6_row_style": "",
        "bottom_row_style": "",
        "footer_row_style": "",
        "font_awesome_type": "all",
        "framework_enable": "0",
        "framework_version": "bootstrap2",
        "use_font_loader": "0",
        "use_typekit": "",
        "typekit_id": "",
        "bodyfont": "-1",
        "bodyfont_custom": "Open Sans:300:latin",
        "headingfont": "-1",
        "headingfont_custom": "Open Sans:300:latin",
        "navfont": "-1",
        "navfont_custom": "Open Sans:600:latin",
        "logofont": "-1",
        "logofont_custom": "Droid Serif",
        "customfontselector": "",
        "customfont": "Cambria, Georgia, Times, Times New Roman, serif",
        "customfont_custom": "",
        "customFontCSS": "",
        "hidefrontpage": "0",
        "force_equal": "1",
        "layout_preset": "all_positions",
        "enable_responsive": "1",
        "allow_pinch": "0",
        "navcollapse_type": "offcanvas",
        "tablet-max-width": "700px",
        "phone-max-width": "620px",
        "gridcollapse": "787px",
        "navcollapse": "787px",
        "dropdown_animation": "fading",
        "menu_align": "center",
        "accordion": "1",
        "accordionType": "panel",
        "accordionOpenFirst": "1",
        "accordionShowActive": "0",
        "offcanvas_position": "right",
        "offcanvas_width": "wide",
        "offcanvas_min_width": "desktop",
        "offcanvas_trigger": "Menu",
        "onepage": "0",
        "homelink": "Home",
        "bannerlink": "Banner",
        "grid1link": "",
        "grid2link": "Grid2",
        "grid3link": "",
        "mainlink": "",
        "grid4link": "",
        "grid5link": "",
        "grid6link": "",
        "bottomlink": "",
        "enable_animations": "1",
        "top_animation": "bounceInDown",
        "header_animation": "none",
        "banner_animation": "none",
        "grid1_animation": "none",
        "grid2_animation": "none",
        "grid3_animation": "none",
        "main_animation": "none",
        "grid4_animation": "none",
        "grid5_animation": "none",
        "grid6_animation": "none",
        "bottom_animation": "none",
        "footer_animation": "none",
        "lazyload": "1",
        "llselector": "img",
        "llnotselector": ".none",
        "backtotop": "1",
        "stickynav": "1",
        "twitter": "1",
        "twitter_share": "1",
        "twitter_username": "joomlabamboo",
        "facebook": "1",
        "facebook_url": "http:\/\/www.facebook.com\/joomlabamboo",
        "facebook_share": "1",
        "gplus": "1",
        "gplus_share": "1",
        "gplus_url": "http:\/\/www.google.com",
        "pinterest": "1",
        "pinterest_share": "1",
        "pinterest_url": "http:\/\/www.pinterest.com ",
        "pinterest_default_image": "http:\/\/www.joomlabamboo.com\/templates\/jbfront\/images\/slideMock.jpg",
        "social-network": "http:\/\/www.google.com",
        "devmode": "0",
        "watch_mode": "0",
        "compresscss": "0",
        "gzip_css": "0",
        "add_to_compiler": "",
        "compressjs": "0",
        "gzip_js": "1",
        "add_to_compressor": "",
        "replace_jQuery": "0",
        "jquery_location": "\/\/ajax.googleapis.com\/ajax\/libs\/jquery\/1.11.1\/jquery.min.js",
        "enable_cdn": "0",
        "cdn_url": "http:\/\/www.google.com",
        "after_head_scripts": "",
        "before_head_scripts": "",
        "after_body_scripts": "",
        "before_body_scripts": "",
        "mobile_detect": "0",
        "hide_info": "0",
        "active_tab": "effects",
        "compile_required": "0",
        "load_template_css": "0",
        "print_settings": "0",
        "advanced_setting": "1",
        "socialicons": {
            "http:\/\/www.google.com": "home"
        }
    },
    "layout": {
        "top": {
            "positions": {
                "top4": "12"
            },
            "classes": {
                "classes": "bounceInDown zen-animate"
            }
        },
        "logo": {
            "positions": {
                "logo": "6",
                "search": "6"
            },
            "classes": {
                "classes": "stack-phones undefined zen-animate"
            }
        },
        "menu": {
            "positions": {
                "menu": "12"
            },
            "classes": {
                "classes": "undefined zen-animate"
            }
        },
        
        "banner": {
            "positions": {
                "banner": "12"
            },
            "classes": {
                "classes": "none zen-animate"
            }
        },
        "main": {
            "positions": {
                "maincontent": "8",
                "sidebar2": "4"
            },
            "classes": {
                "classes": "none zen-animate"
            }
        },        "bottom": {
            "positions": {
                "bottom1": "2",
                "bottom2": "2",
                "bottom3": "4",
                "bottom4": "2",
                "bottom5": "2"
            },
            "classes": {
                "classes": "none zen-animate"
            }
        },
        "footer": {
            "positions": {
                "footer": "9",
                "copyright": "3"
            },
            "classes": {
                "classes": "stack-tablets stack-phones none zen-animate"
            }
        }
    }
}