{
	"twidth":"900px",
	"gutter":"30px",
	"gutter-pc":"2%",
	"primary":"687D77",
	"secondary":"484A47",
	"body-bg":"ffffff",
	"border-color":"eeeeee",
	"text-color":"0c2436",
	"heading-color":"010c14",
	"link-color":"C1CE96",
	"link-hover-color":"@secondary",
	"top-link-color":"@link-color",
	"top-link-hover-color":"@link-hover-color",
	"footer-link-color":"@link-color",
	"footer-link-hover-color":"@link-hover-color",
	"btn-primary-color":"ffffff",
	"btn-primary-color-hover":"ffffff",
	"btn-primary-bg":"@secondary",
	"btn-primary-bg-hover":"@primary",
	"btn-primary-border":"darken(@secondary, 10%)",
	"btn-primary-border-hover":"lighten(@primary, 10%)",
	"navbar-default-bg":"@primary",
	"navbar-default-link-color":"ffffff",
	"navbar-default-link-hover-color":"0c2436",
	"navbar-default-link-active-color":"0c2436",
	"navbar-default-link-hover-active-bg":"none",
	"navbar-default-link-hover-active-color":"eeeeee",
	"navbar-default-link-active-bg":"none",
	"navbar-text-color":"eeeeee",
	"dropdown-bg":"C1CE96",
	"dropdown-link-color":"fff",
	"dropdown-link-hover-color":"@secondary",
	"dropdown-header-color":"@dropdown-link-color",
	"logo-color":"333333",
	"logo-hover-color":"@secondary",
	"banner-bg":"fafafa",
	"banner-border-color":"eeeeee",
	"banner-text-color":"333",
	"banner-link-color":"@link-color",
	"banner-padding":"30px",
	"off-canvas-bg":"@primary",
	"off-canvas-header":"ffffff",
	"off-canvas-text-color":"ffffff",
	"off-canvas-link-color":"eeeeee",
	"overlay-transparency":"0.9",
	"overlay-bg":"ffffff",
	"zen-panel-bg":"ffffff",
	"zen-panel-color":"333333",
	"zen-panel-link-color":"999999",
	"input-min-height":"42px",
	"input-bg":"ffffff",
	"input-border":"@border-color",
	"input-color":"@text-color",
	"pagination-bg":"none",
	"pagination-border":"999999",
	"pagination-color":"999999",
	"font_awesome_type":"all",
	"framework_enable":"0",
	"framework_files_group":"",
	"framework_version":"bootstrap2",
	"font-size-base":"12px",
	"line-height-base":"1.4em",
	"bodyfontweight":"300",
	"headings-font-weight":"300",
	"navfontweight":"300",
	"logo-font-weight":"300",
	"logo-font-size":"4em",
	"logo-line-height":"1.2em",
	"tablet-max-width":"700px",
	"phone-max-width":"620px",
	"gridcollapse":"787px",
	"navcollapse":"787px",
	"dropdown_min_width":"300px",
	"menu-animation":"0.4s",
	"enable_animations":"1",
	"top_animation":"rotateIn",
	"header_animation":"none",
	"banner_animation":"fadeInUpBig",
	"grid1_animation":"none",
	"grid2_animation":"fadeInRightBig",
	"grid3_animation":"fadeInLeftBig",
	"main_animation":"none",
	"grid4_animation":"fadeIn",
	"grid5_animation":"fadeInUpBig",
	"grid6_animation":"none",
	"bottom_animation":"none",
	"footer_animation":"none",
	"social-top-offset":"30px",
	"compresscss":"1",
	"add_to_compiler":"",
	"framework_version": "bootstrap2",
	"framework_files":""}